ID,Product#ID,Category,Type,Manufacture,Name,Model,Description,Cost#1,Warranty,Quantity,Dated
,113162,CPU,,Intel,Pentium G3250,LGA1150,3.20 GHz L3 3MB (2C/2T) 53W,"2,090.00",3,10,2015-05-26
,113015,CPU,,Intel,Core i3 550,LGA1156,3.20 GHz L3 4MB ,"3,650.00",3,10,2015-05-26
,143167,CPU,,Intel,Core i3 4130,LGA1150,3.40 GHz L3 3MB (2C/4T) HD4400 54W,"4,650.00",3,10,2015-05-26
,114797,CPU,,Intel,Core i3 4160,LGA1150,3.60 GHz L3 3MB (2C/4T) HD4400 54W,"3,890.00",3,10,2015-05-26
,174097,CPU,,Intel,Core i5 4440,LGA1150,3.10 GHz L3 6MB (4C/4T) HD4600 84W,"5,990.00",3,10,2015-05-26
,185629,CPU,,Intel,Core i5 4460,LGA1150,3.20 GHz L3 6MB (4C/4T) HD4600 84W,"6,250.00",3,10,2015-05-26
,144924,CPU,,Intel,Core i5 4590,LGA1150,3.30 GHz L3 6MB (4C/4T) HD4600 84W,"6,790.00",3,10,2015-05-26
,156462,CPU,,Intel,Core i5 4690,LGA1150,3.50 GHz L3 6MB (4C/4T) HD4600 84W,"7,490.00",3,10,2015-05-26
,197228,CPU,,Intel,Core i5 4690K,LGA1150,3.50 GHz L3 6MB (4C/4T) HD4600 88W Unlock,"8,190.00",3,10,2015-05-26
,168103,CPU,,Intel,Core i7 4790,LGA1150,3.60 GHz L3 8MB (4C/8T) HD4600 84W,"10,500.00",3,10,2015-05-26
,175452,CPU,,Intel,Core i7 4790K,LGA1150,4.00 GHz L3 8MB (4C/8T) HD4600 88W Unlock,"11,850.00",3,10,2015-05-26
,141141,CPU,,Intel,Core i7 4820K,LGA2011,3.70 GHz L3 10MB (4C/8T) ,"11,600.00",3,10,2015-05-26
,184033,CPU,,Intel,Core i7 4960X,LGA2011,3.60 GHz L3 15MB (6C/12T) 130W TDP ,"36,000.00",3,10,2015-05-26
,133201,CPU,,Intel,Core i7 5820K,LGA2011,3.30 GHz L3 15MB (6C/12T) 140W Unlock 28-Lane,"13,590.00",3,10,2015-05-26
,129383,CPU,,Intel,Core i7 5930K,LGA2011,3.50 GHz L3 15MB (6C/12T) 140W Unlock 40-Lane,"20,490.00",3,10,2015-05-26
,188856,CPU,,Intel,Core I7 5960X,LGA2011,3.00 GHz L3 20MB (8C/16T) 140W Unlock 40-Lane,"36,200.00",3,10,2015-05-26
,153666,CPU,,Intel,Xeon E3-1230v2,LGA1155,3.30 GHz L3 8MB (4C/8T),"7,905.00",3,10,2015-05-26
,119712,CPU,,Intel,Xeon E3-1220v3,LGA1150,3.10GHz 8MB (4C/4T),"7,300.00",3,10,2015-05-26
,151022,CPU,,Intel,Xeon E3-1226v3,LGA1150,3.30 GHz 8MB (4C/4T),"7,900.00",3,10,2015-05-26
,114077,CPU,,Intel,Xeon E3-1231v3,LGA1150,3.40 GHz 8MB (4C/8T),"8,650.00",3,10,2015-05-26
,176788,CPU,,Intel,Xeon E3-1241v3,LGA1150,3.50 GHz 8MB (4C/8T),"10,200.00",3,10,2015-05-26
,117709,CPU,,Intel,Xeon E3-1245v3,LGA1150,3.40 GHz 8MB (4C/8T),"10,760.00",3,10,2015-05-26
,105727,CPU,,Intel,Xeon E3-1246v3,LGA1150,3.50 GHz 8MB (4C/8T),"11,340.00",3,10,2015-05-26
,171924,CPU,,Intel,Xeon E3-1271v3,LGA1150,3.60 GHz 8MB (4C/8T),"12,700.00",3,10,2015-05-26
,109206,CPU,,Intel,Xeon E5-2420v2,LGA1356,1.90 GHz 15MB (6C/12T),"13,950.00",3,10,2015-05-26
,148794,CPU,,Intel,Xeon E5-2407v2,LGA1356,2.40 GHz10MB(4C/4T),"9,800.00",3,10,2015-05-26
,102873,CPU,,Intel,Xeon E5-2420v2,LGA1356,2.20 GHz 15MB (6C/12T),"15,500.00",3,10,2015-05-26
,196539,CPU,,Intel,Xeon E5-2430v2,LGA1356,2.50 GHz 15MB (6C/12T),"19,500.00",3,10,2015-05-26
,136461,CPU,,Intel,Xeon E5620(Tray),LGA1366,2.40 GHz 12MB (4C/8T),"13,950.00",3,10,2015-05-26
,175140,CPU,,Intel,Xeon E5-2620,LGA2011,2.00 GHz 15MB (6C/12T),"15,850.00",3,10,2015-05-26
,138394,CPU,,Intel,Xeon E5-2609v2,LGA 2011v2 ,2.5GHz|10MB|4cores-4Threads|6.4GT/s,"10,900.00",3,10,2015-05-26
,132123,CPU,,Intel,Xeon E5-2620v2,LGA 2011v2 ,2.1GHz|6cores-12Threads,"16,600.00",3,10,2015-05-26
,150370,CPU,,Intel,Xeon E5-2630v2,LGA 2011v2 ,"2.6GHz, 15MB, 6cores-12threads","24,200.00",3,10,2015-05-26
,155932,CPU,,Intel,Xeon E5-2650v2,LGA 2011v2 ,2.6GHz|8cores-16threads,"47,000.00",3,10,2015-05-26
,161887,CPU,,Intel,Xeon E5-2660v2,LGA 2011v2 ,2.2GHz|25MB|95W TDP|10cores/20threads,"57,000.00",3,10,2015-05-26
,112194,CPU,,Intel,Xeon E5-2699v3,LGA 2011-R3,2.3GHz|45MB|145W|18cores /36threads (Tray),"182,000.00",1,10,2015-05-26
,168397,CPU,,Intel,Xeon E5-2630v3,LGA 2011-R3,"2.4GHz, 20MB/8cores/16threads","24,500.00",3,10,2015-05-26
,105826,CPU,,Intel,Xeon E5-2609v3,LGA 2011-R3,"1.9GHz, 15MB, 6C/6T","11,300.00",3,10,2015-05-26
,100082,CPU,,Intel,Xeon E5-1650v3,LGA 2011-R3,"3.5GHz, 6cores/12threads, BOX","24,500.00",3,10,2015-05-26
,199017,CPU,,Intel,Xeon E5-1650v3,LGA 2011-R3,"3.5GHz, 6cores/12threads, Tray","23,500.00",1,10,2015-05-26
,188092,CPU,,Intel,Xeon E5-1650v2,LGA2011v2,3.5GHz|12MB|6-cores-12Threads(tray),"23,000.00",1,10,2015-05-26
,147407,CPU,,Intel,Xeon E5345,LGA771,"2.33GHz/ 1333MHz/ 2Cores, 2x4MB L2","9,000.00",0,10,2015-05-26
,108029,CPU,,Intel,Xeon 5060 (Tray),LGA771,3.2GHz,"7,000.00",0,10,2015-05-26
,177322,CPU,,AMD,FX-8370E,AM3+,3.30GHz/4.30GHz L3 8MB 95W 8-Cores,"7,190",0,10,2015-05-26
,184467,CPU,,AMD,FX-8350,AM3+,4.00GHz/4.20GHz L3 8MB 125W 8-Cores,"6,790",0,10,2015-05-26
,176730,CPU,,AMD,FX-8320E,AM3+,3.20GHz/4.00GHz L3 8MB 95W 8-Cores,"5,320",0,10,2015-05-26
,119711,CPU,,AMD,FX-6350,AM3+,3.90GHz/4.20GHz L3 8MB 125W 6-Cores Tray,"3,890",0,10,2015-05-26
,102989,CPU,,AMD,FX-6300,AM3+,3.50GHz/4.10GHz L3 8MB 95W 6-Cores,"3,790",0,10,2015-05-26
,145381,CPU,,AMD,A10-7800,FM2+,3.50GHz/3.90GHz R7(512Core) 4MB 65W 4-Cores 28nM,"5,490",0,10,2015-05-26
,147439,CPU,,AMD,A10-6800K,FM2,4.10GHz/4.40GHz HD8670D 4MB 100W 4-Cores Unlock,"4,590",0,10,2015-05-26
,175733,CPU,,AMD,A8-7600,FM2+,3.10GHz/3.80GHz R7(384Core) 4MB 65W 4-Cores 28nM,"3,700",0,10,2015-05-26
,154610,CPU,,AMD,A6-6420K,FM2,4.00GHz/4.20GHz HD8470D 1MB 65W 2-Cores Unlock,"2,150",0,10,2015-05-26
,103811,CPU,,AMD,SEMPRON 3850,AM1,1.3GHz HD8280 2MB 25W 4-Cores,"1,390",0,10,2015-05-26
,131516,CPU,,AMD,Opteron 6234,Socket G34,2.4GHz|12 core|L2 6x2MB|TDP 115W| Tray,"19,500.00",1,10,2015-05-26
,191802,CPU,,AMD,Opteron 6238,Socket G34,2.6GHz|12core(Tray),"23,800.00",1,10,2015-05-26
,140521,CPU,,AMD,Opteron 6344,Socket G34,2.6GHz|12core(Tray),"23,800.00",1,10,2015-05-26
,127660,CPU,,AMD,Opteron 6320,Socket G34,2.8GHz|8core/8thread(Tray),"10,900.00",1,10,2015-05-26
,156438,CPU,,AMD,Opteron 6380,Socket G34,2.5GHz|16core/16thread(Tray),"34,800.00",1,10,2015-05-26
,134455,CPU,,AMD,Opteron 2210,Socket-F,1.9GHz,2000,0,10,2015-05-26
,116672,CPU,,AMD,Opteron 2218,Socket-F,2.4GHz,4000,0,10,2015-05-26
,168482,Software,Windows Server,MS,Windows Server Std 2008 R2 w/SP1 x64 English 1pk ,, DSP OEI DVD 1-4CPU 5 Clt ,27200,0,10,2015-05-26
,154586,Software,Windows Server,MS,Windows Server Std 2012 x64 ENG 1pk DSP ,,"OEI DVD 2CPU/2VM (Downgrade Windows Server STD 2008 R2 - 2003, Enterprise 2008 R2 - 2003 but support only 2 VM)","27,200.00",0,10,2015-05-26
,103677,Software,Windows Server,MS,Windows Server STD2012 R2 X64,,EN 1PK DSP OEI DVD (Downgrade Windows Server STD,"27,700.00",0,10,2015-05-26
,139445,Software,Windows Server,MS,Windows Server CAL 2012 English 1pk DSP OEI 5 Clt Device CAL (เปิดกล่องแล้วไม่รับคืน),,,"5,250.00",0,10,2015-05-26
,146902,Software,Windows Server,MS,Windows Server CAL 2012 English 1pk DSP OEI 5 Clt User CAL (เปิดกล่องแล้วไม่รับคืน),,,"6,025.00",0,10,2015-05-26
,138316,Software,Window,MS,WINDOWS 8.1 PRO,,WINDOWS 8.1 PRO 64 Bit OEM (Eng),"5,290",0,10,2015-05-26
,188602,Software,Window,MS,WINDOWS 8.1,,WINDOWS 8.1 SL 64 Bit OEM (Eng),"2,990",0,10,2015-05-26
,102271,Software,Window,MS,WINDOWS 7 PRO,,WINDOWS 7 PRO SP1 64 Bit OEM (Eng),"5,290",0,10,2015-05-26
,165812,Software,Window,MS,Windows 7,, Windows 7/ Pro/ OEM/ 64bit,"4,950.00",0,10,2015-05-26
,117119,Software,MS Office,MS,MS Office 2013,, Office Home and Business 2013 32-bit/x64 English APAC EM DVD w/Thai SLP,"7,480.00",0,10,2015-05-26
,188772,RAM,,Corsair,CORSAIR VENGEANCE LPX,,16GB (4X4) 2666 MHz CL 15 Q. DDR4 RED/BLACK,"11,690",0,10,2015-05-26
,150417,RAM,,Kingston,KINGSTON HYPER-X (K4),DDR4,16GB (4X4) 2666 MHz CL 13 Q. DDR4 Predator,"9,900",0,10,2015-05-26
,179410,RAM,,Kingston,KINGSTON HYPER-X (K4),DDR4,16GB (4X4) 2400 MHz CL 12 Q. DDR4 Predator,Call,0,10,2015-05-26
,171886,RAM,,Kingston,KINGSTON HYPER-X (K2),DDR3,16GB (8X2) 1600 MHz CL 10 D. FURY BLUE,"4,450",0,10,2015-05-26
,138946,RAM,,Kingston,KINGSTON HYPER-X (K2),DDR3,8GB (4x2) 1600 MHz CL 10 D. FURY/SAVAGE,"2,350",0,10,2015-05-26
,118368,RAM,,Kingston,KINGSTON HYPER-X,DDR3,8GB (8x1) 1600 MHz CL 10 FURY/SAVAGE,"2,290",0,10,2015-05-26
,182780,RAM,,Kingston,KINGSTON HYPER-X,DDR3,4GB (4x1) 1600 MHz CL 9 SAVAGE RED,"1,190",0,10,2015-05-26
,194670,RAM,,Kingston,KINGSTON,DDR3,4GB (4x1) 1600 MHz CL 11,"1,100",0,10,2015-05-26
,119708,RAM,,Avexir,AVEXIR PLATINUM,DDR4,32GB (8X4) 2400 MHz CL 16 Q. DDR4 8-Layer PCB,"17,900",0,10,2015-05-26
,125017,RAM,,Avexir,AVEXIR PLATINUM,DDR4,16GB (4X4) 2400 MHz CL 16 Q. DDR4 8-Layer PCB,"8,900",0,10,2015-05-26
,188362,RAM,,Avexir,AVEXIR CORE,DDR4,16GB (4X4) 2666 MHz CL 15 Q. DDR4 RED LED,"9,900",0,10,2015-05-26
,191584,RAM,,Avexir,AVEXIR,DDR4,8GB (8x1) 2133 MHz CL 15 DDR4,"3,990",0,10,2015-05-26
,118737,RAM,,Avexir,AVEXIR CORE,????,16GB (8x2) 2666 MHz CL 12 RED,"6,290",0,10,2015-05-26
,148787,RAM,,Avexir,AVEXIR CORE,????,16GB (8x2) 2400 MHz CL 11 BLUE/RED/LIMITED WHITE,"5,890",0,10,2015-05-26
,170098,RAM,,Avexir,AVEXIR CORE,????,8GB (4X2) 2666 MHz CL12 RED,"3,390",0,10,2015-05-26
,112476,RAM,,Avexir,AVEXIR CORE,????,8GB (4X2) 2400 MHz CL11 LIMITED WHITE,"3,290",0,10,2015-05-26
,164580,RAM,,Avexir,AVEXIR CORE,????,8GB (4X2) 1600 MHz CL9 BLUE/RED/GREEN,"2,950",0,10,2015-05-26
,122613,RAM,,Avexir,AVEXIR RAIDEN,????,16GB (8x2) 2400 MHz CL 10 Plasma tubes,"13,900",0,10,2015-05-26
,178843,RAM,,Avexir,AVEXIR RAIDEN,????,16GB (8x2) 1600 MHz CL 10 Plasma tubes,"6,890",0,10,2015-05-26
,111532,RAM,,Avexir,AVEXIR RAIDEN,????,8GB (4x2) 1600 MHz CL 9 Plasma tubes,"4,490",0,10,2015-05-26
,158915,RAM,,Avexir,AVEXIR BITZ ORIGINAL,????,8GB (4X2) 2400 MHz CL10 White LED,"3,490",0,10,2015-05-26
,106474,RAM,,Avexir,AVEXIR BITZ SILVER,????,8GB (4X2) 2400 MHz CL10 White LED,"3,490",0,10,2015-05-26
,117672,RAM,,Avexir,AVEXIR BITZ DRAGON,????,8GB (4X2) 1600 MHz CL9 RED LED,"3,290",0,10,2015-05-26
,137870,RAM,,Avexir,AVEXIR,DDR3,8GB (8x1) 1600 MHz DDR3L 1.35V SO-DIMM,"2,590",0,10,2015-05-26
,121125,RAM,,Avexir,AVEXIR,DDR3,4GB (4x1) 1600 MHz DDR3L 1.35V SO-DIMM,"1,390",0,10,2015-05-26
,167114,RAM,,Avexir,AVEXIR,DDR3,4GB (4x1) 1333 MHz DDR3L 1.35V SO-DIMM,"1,390",0,10,2015-05-26
,193207,RAM,,Kingmax,KINGMAX,????,2GB (2x1) 1333 MHz,590,0,10,2015-05-26
,188484,RAM,,Team Elite,TEAM ELITE PLUS,DDR4,16GB (4X4) 2400 MHz CL 16 Q. DDR4 RED,"10,900",0,10,2015-05-26
,136015,RAM,,Kingston,,DDR2,"2GB| ECC| Registered| KVR667D2S4P5/2G| for Tyan S2927, S5375","2,950.00",0,10,2015-05-26
,108433,RAM,,Kingston,,DDR3,4GB/ DDR3/ 1600MHz/ ECC,"2,050.00",LT,10,2015-05-26
,191360,RAM,,Kingston,,DDR3,8GB/DDR3/ 1600MHz/ none-ECC/ KVR16N11H/8,"2,950.00",LT,10,2015-05-26
,112977,RAM,,Kingston,,DDR3,8GB/DDR3/1600MHz/ none-ECC/ HX316C10FB/8,"2,950.00",LT,10,2015-05-26
,164572,RAM,,Kingston,,DDR3,4GB/DDR3/1600MHz/none-ECC/ SODIMM for IMB181D,"1,400.00",LT,10,2015-05-26
,131466,RAM,,Kingston,,DDR3,8GB/DDR3/1600MHz/none-ECC/SODIMM for IMB181D,"2,800.00",LT,10,2015-05-26
,190678,RAM,,Kingston,,DDR3,8GB/ DDR3/ 1600MHz/ ECC ,"4,000.00",LT,10,2015-05-26
,129136,RAM,,Kingston,,DDR3,8GB/ DDR3/ 1333MHz/ ECC REG,"4,000.00",LT,10,2015-05-26
,151328,RAM,,Kingston,,DDR3,8GB| DDR3| 1600MHz| ECC REG| 1.36V,"4,200.00",LT,10,2015-05-26
,116671,RAM,,Kingston,,DDR3,16GB/ DDR3/ 1333MHz/ ECC REG,"8,400.00",LT,10,2015-05-26
,127348,RAM,,Kingston,,DDR3,16GB/ DDR3/ 1600MHz/ ECC REG/ 1.5V,"8,800.00",LT,10,2015-05-26
,116378,RAM,,Kingston,,DDR3,16GB/DDR3/ 1600MHz/ECC REG/Low Volt,"8,800.00",LT,10,2015-05-26
,194819,RAM,,Kingston,,DDR3,8GB/DDR3/1866MHz/ ECC (KVR18E13/8),"4,400.00",LT,10,2015-05-26
,150768,RAM,,Micron,,DDR3,4GB| DDR3| 1066MHz| ECC REG,"2,200.00",LT,10,2015-05-26
,183357,RAM,,SAMSUNG,,DDR4,8GB| DDR4| 2133MHz| ECC REGISTERED original,"5,300.00",3,10,2015-05-26
,149029,RAM,,SAMSUNG,,DDR4,8GB| DDR4 | 2133MHz| ECC REGISTERED| KINGSTON,"5,250.00",LT,10,2015-05-26
,165181,RAM,,SAMSUNG,,DDR4,16GB| DDR4| 2133MHz| ECC REGISTERED,"10,600.00",3,10,2015-05-26
,117642,RAM,,Micron,,DDR4,logo new 16GB| DDR4| 2133MHz| ECC REGISTERED,"10,400.00",3,10,2015-05-26
,172102,RAM,,Micron,,DDR4,logo new 8GB| DDR4| 2133MHz| ECC REGISTERED,"5,200.00",3,10,2015-05-26
,195712,DVD,,ASUS,,,24X SATA-Interface,550,0,10,2015-05-26
,147979,DVD,,LG,,,24X SATA-Interface,590,0,10,2015-05-26
,128927,DVD,,SAMSUNG,,,24X SATA-Interface,590,0,10,2015-05-26
,164606,DVD,,PIONEER S09XLT,,,16X BD SATA-Interface,"3,790",0,10,2015-05-26
,141646,Monitor,,DELL,"U2414H,"," 24""",1920x1080,"8,600.00",3,10,2015-05-26
,129481,Monitor,,BENQ ,XL2720Z,"27"" ","WIDE LED,1920X1080,12M:1,1MS,144Hz,D-SUB DVI 2*HDMI DP FLICKER FREE","15,900",3,10,2015-05-26
,145819,Monitor,,BENQ ,XL2420Z,"24"" ","WIDE LED, 1920x1080,12M:1,1MS,144Hz,D-SUB DVI 2*HDMI DP Flicker-Free","12,900",3,10,2015-05-26
,135050,Monitor,,BENQ ,XL2411Z,"24"""," WIDE LED, 1920x1080,12M:1,1MS,144Hz,D-SUB DVI 2*HDMI Flicker-Free",Call,3,10,2015-05-26
,134686,Monitor,,BENQ ,GL2760H,"27"" ","WIDE LED, 1920x1080,12M:1,2MS,D-SUB DVI HDMI Vesa mount","7,390",3,10,2015-05-26
,135158,Monitor,,BENQ ,RL2455HM,"24"" ","WIDE LED, 1920x1080,12M:1,1MS,D-SUB DVI HDMI*2 Flicker-Free Vesa mount","5,590",3,10,2015-05-26
,186387,Monitor,,BENQ ,GL2460,"24"" ","WIDE LED, 1920x1080,12M:1,2MS,D-SUB DVI Vesa mount","3,990",3,10,2015-05-26
,141337,Monitor,,AOC,G2770PQU,"27"""," WIDE LED,1920X1080,50M:1,1MS,144Hz,D-SUB DVI HDMI DP FLICKER FREE","14,900",3,10,2015-05-26
,132046,Monitor,,AOC,3284VWH IPS,"31.5"" ","WIDE LED 1920×1080,20M:1,5ms,D-Sub,DVI,HDMI Vesa mount","10,700",3,10,2015-05-26
,112907,Monitor,,AOC,2757FH IPS,"27"" ","WIDE LED 1920×1080,50M:1,5ms,D-Sub,HDMI*2","8,190",3,10,2015-05-26
,109307,Monitor,,AOC,2778VHE6 IPS,"27"" ","WIDE LED 1920×1080,20M:1,5ms,D-Sub,DVI,HDMI Vesa mount","7,390",3,10,2015-05-26
,121596,Monitor,,AOC,2367FH IPS,"23"""," WIDE LED 1920×1080,50M:1,5ms,D-Sub,HDMI*2","5,190",3,10,2015-05-26
,148150,Monitor,,AOC,2369V IPS,"23"" ","WIDE LED 1920×1080,20M:1,6ms,D-Sub,DVI","4,690",3,10,2015-05-26
,122423,Monitor,,DELL,DELL P2715Q 4K IPS,"27"" ","WIDE LED 3840x2160,2M:1,6ms,HDMI DP mDP Vesa mount","24,900",3,10,2015-05-26
,182189,Monitor,,DELL,DELL U2715H IPS,"27"" ","WIDE LED 2560×1440,2M:1,6ms,HDMI*2 DP Ultra Narrow Bezel Vesa mount Hard coat 3H","22,800",3,10,2015-05-26
,171637,Monitor,,DELL,DELL U2515H IPS,"25"" ","WIDE LED 2560×1440,2M:1,6ms,HDMI*2 DP Ultra Narrow Bezel Vesa mount Hard coat 3H","14,500",3,10,2015-05-26
,142069,Monitor,,DELL,DELL U2414H,"23.8"" ","WIDE LED, 1920x1080,2M:1,8MS,HDMI*2,mDP,DP Ultra Narrow Bezel Vesa mount","8,590",3,10,2015-05-26
,174241,Monitor,,DELL,DELL S2340L,"23"""," WIDE LED, 1920x1080, 8M:1, 7MS, D-SUB HDMI","5,590",3,10,2015-05-26
,180759,Monitor,,ASUS,VG278HE,"27"" ","WIDE LED, 1920x1080,50M:1,2MS,144Hz,D-SUB DVI HDMI Vesa mount","14,900",3,10,2015-05-26
,117863,Monitor,,ASUS,VG248QE,"24"" ","WIDE LED, 1920x1080,80M:1,1MS,144Hz,DVI HDMI DP Vesa mount","9,900",3,10,2015-05-26
,174410,Monitor,,SAMSUNG,S24D300HS,"24"" ","WIDE LED, 1920x1080,MegaDCR (Static 1000:1),2MS,D-SUB,HDMI","4,990",3,10,2015-05-26
,135742,Monitor,,SAMSUNG,S20D300HY,"19.5"" ","WIDE LED, 1600X900, MegaDCR (Static 600:1), 5MS, D-SUB,HDMI","3,390",3,10,2015-05-26
,191431,Monitor,,SAMSUNG,S19D300HY,"18.5"" ","WIDE LED, 1366X768, MegaDCR (Static 600:1), 5MS, D-SUB, HDMI","2,990",3,10,2015-05-26
,135480,Graphic CARD,,GIGABYTE ,GTX TITAN X,NVIDIA,12GB GDDR5 384 BIT 1000MHz/7010MHz,Call,3,10,2015-05-26
,177357,Graphic CARD,,GIGABYTE ,GTX980,NVIDIA,4GB GDDR5 256BIT 1228MHz/7000MHz G1.Gaming,"21,000",3,10,2015-05-26
,192129,Graphic CARD,,GIGABYTE ,GTX970,NVIDIA,4GB GDDR5 256BIT 1178MHz/7000MHz G1.Gaming,"13,500",3,10,2015-05-26
,177747,Graphic CARD,,GIGABYTE ,GTX960,NVIDIA,2GB GDDR5 128 BIT 1241MHz/7010MHz G1.Gaming,"8,100",3,10,2015-05-26
,185937,Graphic CARD,,GIGABYTE ,GTX750 Ti OC,NVIDIA,2GB GDDR5 128 BIT,"4,990",3,10,2015-05-26
,184315,Graphic CARD,,GIGABYTE ,GT740,NVIDIA,2GB GDDR5 128BIT 1072MHz/5000MHz,"3,690",3,10,2015-05-26
,184942,Graphic CARD,,GIGABYTE ,GT730,NVIDIA,2GB DDR5 64BIT 902MHz/5000MHz,"2,300",3,10,2015-05-26
,168047,Graphic CARD,,ASUS,GTX TITAN X,NVIDIA,12GB GDDR5 384 BIT 1000MHz/7010MHz,Call,3,10,2015-05-26
,180530,Graphic CARD,,STRIX ,GTX980 DC2 OC,NVIDIA,4GB GDDR5 256BIT 1178MHz/7010MHz 2048 Core,"21,000",3,10,2015-05-26
,195153,Graphic CARD,,STRIX ,GTX970 DC2 OC,NVIDIA,4GB GDDR5 256BIT 1114MHz/7010MHz 1664 core,"13,500",3,10,2015-05-26
,158078,Graphic CARD,,STRIX ,GTX960 DC2 OC,NVIDIA,2GB DDR5 128BIT 1253MHz/7200MHz 1024 core,"7,690",3,10,2015-05-26
,107077,Graphic CARD,,STRIX ,GTX750 Ti OC,NVIDIA,2GB GDDR5 128BIT 1124MHz/5400MHz 640 core,"5,490",3,10,2015-05-26
,185672,Graphic CARD,,ASUS,ASUS GTX750 Ti OC,NVIDIA,2GB GDDR5 128BIT 1072MHz/5400MHz,Call,3,10,2015-05-26
,176903,Graphic CARD,,INNO3D,GTX 970 iChill,NVIDIA,4GB GDDR5 256BIT 1152MHz/7000MHz HerculeZ X3,"12,300",3,10,2015-05-26
,180998,Graphic CARD,,INNO3D,GTX 960 iChill,NVIDIA,2GB GDDR5 128BIT 1329MHz/7200MHz HerculeZ X3,"7,690",3,10,2015-05-26
,185434,Graphic CARD,,LEADTEK ,GTX980,NVIDIA,4GB GDDR5 256BIT 1152MHz/7010MHz,Call,3,10,2015-05-26
,172332,Graphic CARD,,LEADTEK ,GTX970,NVIDIA,4GB GDDR5 256BIT 1050MHz/7010MHz Ref.,"13,900",3,10,2015-05-26
,174015,Graphic CARD,,LEADTEK ,GTX960,NVIDIA,2GB GDDR5 128BIT 1228MHz/7010MHz Hurricane,"7,180",3,10,2015-05-26
,194080,Graphic CARD,,LEADTEK ,GTX960,NVIDIA,2GB GDDR5 128BIT 1127MHz/7010MHz Ref.,"6,780",3,10,2015-05-26
,183782,Graphic CARD,,LEADTEK ,GTX750,NVIDIA,2GB GDDR5 128 BIT 1124MHz/5000MHz,Call,3,10,2015-05-26
,103719,Graphic CARD,,LEADTEK ,GT730,NVIDIA,2GB DDR3 128BIT,"1,990",3,10,2015-05-26
,146712,Graphic CARD,,ASUS,ASUS GOLD20TH GTX 980,NVIDIA,4GB DDR5 256BIT,"27,500",3,10,2015-05-26
,159258,Graphic CARD,,AMD,HIS R7 250X Icooler,AMD,1GB GDDR5 128BIT,"2,990",3,10,2015-05-26
,170759,Graphic CARD,,AMD,SAPPHIRE R9 270X TOXIC,AMD,2GB GDDR5 256BIT,"6,590",3,10,2015-05-26
,178461,Graphic CARD,,AMD,SAPPHIRE R7 260X,AMD,2GB GDDR5 128BIT,"3,890",3,10,2015-05-26
,165316,Graphic CARD,,AMD,SAPPHIRE R7 250,AMD,2GB GDDR3 128BIT,"2,790",3,10,2015-05-26
,153297,Graphic CARD,,AMD,POWERCOLOR HD7850,AMD,2GB GDDR5 256BIT 860MHz/4800MHz Eyefinity 6 Edition,"8,190",3,10,2015-05-26
,180190,Graphic CARD,,AMD,POWERCOLOR R9 290X,AMD,8GB GDDR5 512x2 BIT 1000MHz/5400MHz Devil 13,"36,500",3,10,2015-05-26
,191929,Graphic CARD,,AMD,POWERCOLOR R9 280,AMD,3GB GDDR5 384BIT 855MHz(960MHz)/5000MHz TurboDuo,"6,990",3,10,2015-05-26
,160284,Graphic CARD,,AMD,MATRIX R9 290X,AMD,4GB GDDR5 512BIT 1000MHz/5000MHz,"12,900",3,10,2015-05-26
,154996,Graphic CARD,,AMD,SAPPHIRE TRI-X R9 290,AMD,4GB DDR5 512 -bit/ DUAL DVI-D/HDMI/DP,"9,800",3,10,2015-05-26
,197126,Graphic CARD,,AMD,SAPPHIRE R9 280 Dual-X,AMD,3GB DDR5 384 -bit DVI-I/DVI-D/HDMI/DP,"6,800",3,10,2015-05-26
,159124,Graphic CARD,Workstation,NVIDIA,QUADRO K5200,NVIDIA,8GB GDDR5 256 BIT 2304 Cores 3Y. OpenGL 4.4 DX 11 SM 5.0,"74,580",3,10,2015-05-26
,120053,Graphic CARD,Workstation,NVIDIA,QUADRO K4200,NVIDIA,4GB GDDR5 256 BIT 1344 Cores 3Y.,Call,3,10,2015-05-26
,190609,Graphic CARD,Workstation,NVIDIA,QUADRO K4200,NVIDIA,4GB GDDR5 256 BIT 1344 Cores 2Y.,"33,380",3,10,2015-05-26
,118142,Graphic CARD,Workstation,NVIDIA,QUADRO K2200,NVIDIA,4GB GDDR5 128 BIT 640 Cores 3Y.,"24,080",3,10,2015-05-26
,174329,Graphic CARD,Workstation,NVIDIA,QUADRO K2200,NVIDIA,4GB GDDR5 128 BIT 640 Cores 2Y.,"23,280",3,10,2015-05-26
,150885,Graphic CARD,Workstation,NVIDIA,QUADRO K620,NVIDIA,2GB DDR3 128 BIT 384 Cores 3Y.,"9,280",3,10,2015-05-26
,106904,Graphic CARD,Workstation,NVIDIA,QUADRO K620,NVIDIA,2GB DDR3 128 BIT 384 Cores 2Y. OpenGL 4.4 DX 11 SM 5.0,"8,800",3,10,2015-05-26
,157037,Graphic CARD,Workstation,NVIDIA,QUADRO K420,NVIDIA,1GB DDR3 128 BIT 192 Cores 3Y.,"6,380",3,10,2015-05-26
,174027,Graphic CARD,Workstation,NVIDIA,QUADRO K420,NVIDIA,1GB DDR3 128 BIT 192 Cores 2Y.,"5,780",3,10,2015-05-26
,169682,Graphic CARD,Workstation,AMD,FIREPRO W5100,AMD,4GB GDDR5 128 BIT,"25,800",3,10,2015-05-26
,198599,Graphic CARD,Workstation,AMD,FIREPRO W4100,AMD,2GB GDDR5 128 BIT,"9,800",3,10,2015-05-26
,181991,Graphic CARD,Workstation,AMD,FIREPRO W2100,AMD,2GB DDR3 128 BIT OpenGL 4.44 DX 11.2 SM 5.0 OpenCL 1.22,"6,800",3,10,2015-05-26
,144653,Sound CARD,,XONAR ,PHOEBUS,,7.1 PCI Express gaming soundcard with Control Box,"6,290",3,10,2015-05-26
,186230,Sound CARD,,XONAR ,ESSENCE STX,,124 dB SNR PCI Express Headphone Amp card for Audiophiles!,"4,490",3,10,2015-05-26
,187630,Sound CARD,,XONAR ,U7,,USB 7.1 soundcard and headphone amplifier (192kHz/24bit),"3,190",3,10,2015-05-26
,138103,Sound CARD,,XONAR ,DSX,,7.1 PCI Express (192kHz/24bit) Swappable OPamp,"1,490",3,10,2015-05-26
,197882,Sound CARD,,XONAR ,DGX,,5.1 PCI Express gaming soundcard (96kHz/24bit),Call,3,10,2015-05-26
,192182,Sound CARD,,CREATIVE,SOUND BLASTER ZXR,,5.1 PCIe High Performance PCIe Sound Card (192kHz/24bit),"8,990",3,10,2015-05-26
,184914,Sound CARD,,CREATIVE,SOUND BLASTER Z,,5.1 PCIe Gaming Sound Card,"3,990",3,10,2015-05-26
,109228,Sound CARD,,CREATIVE,CREATIVE AUDIGY RX,,7.1 The Optimal Recording Solution for PCIe Platforms,"2,290",3,10,2015-05-26
,181242,Sound CARD,,CREATIVE,X-Fi SURROUND 5.1 PRO,,5.1 USB Sound Card with SBX Pro Studio for notebooks and PCs,"2,190",3,10,2015-05-26
,107346,Sound CARD,,CREATIVE,CREATIVE AUDIGY FX,,5.1 PCIe Sound Card with SBX Pro Studio (192kHz/24bit),"1,290",3,10,2015-05-26
,199961,MainBoard,,ASUS,RAMPAGE V EXTREME,LGA2011,LGA2011-3 X99 8D.DDR4 Q.CF/SLI U3S3 PCIe 3.0 WIFI.AC/BT OC Panel ROG.,"18,300",3,10,2015-05-26
,135845,MainBoard,,ASUS,ASUS X99-DELUXE,LGA2011,LGA2011-3 X99 8D.DDR4 Q.CF/SLI U3S3 PCIe 3.0 Dual LAN WIFI.AC/BT,"12,900",3,10,2015-05-26
,196371,MainBoard,,ASUS,ASUS X99-PRO,LGA2011,LGA2011-3 X99 8D.DDR4 Q.CF/SLI U3S3 PCIe 3.0 WIFI.AC/BT,"10,790",3,10,2015-05-26
,190030,MainBoard,,ASUS,ASUS X99-A,LGA2011,LGA2011-3 X99 8D.DDR4 Q.CF/SLI U3S3 PCIe 3.0,"9,590",3,10,2015-05-26
,164463,MainBoard,,ASUS,MAXIMUS VII FORMULA,LGA1150,LGA1150 Z97 CF/SLI HDMI/DP U3S3 PCIe 3.0 WIFI.AC/BT ROG.,"12,200",3,10,2015-05-26
,114597,MainBoard,,ASUS,SABERTOOTH Z97 MKS,LGA1150,LGA1150 Z97 CF/SLI HDMI/DP D.LAN U3S3 PCIe 3.0 ARCTIC-TUF. Limited-edition,"10,900",3,10,2015-05-26
,195476,MainBoard,,ASUS,MAXIMUS VII HERO,LGA1150,LGA1150 Z97 CF/SLI HDMI U3S3 PCIe 3.0 ROG.,"8,790",3,10,2015-05-26
,122390,MainBoard,,ASUS,MAXIMUS VII GENE,LGA1150,LGA1150 Z97 CF/SLI HDMI U3S3 PCIe 3.0 ROG. mATX,"7,990",3,10,2015-05-26
,180901,MainBoard,,ASUS,ASUS Z97-PRO WIFI,LGA1150,LGA1150 Z97 CF/SLI DP/HDMI U3S3 PCIe 3.0 WIFI.AC/BT,Call,3,10,2015-05-26
,150747,MainBoard,,ASUS,MAXIMUS VII RANGER,LGA1150,LGA1150 Z97 CF/SLI HDMI U3S3 PCIe 3.0 ROG.,"6,590",3,10,2015-05-26
,141247,MainBoard,,ASUS,GRYPHON Z97,LGA1150,LGA1150 Z97 CF/SLI DP/HDMI U3S3 PCIe 3.0 TUF. mATX,"5,890",3,10,2015-05-26
,102837,MainBoard,,ASUS,ASUS Z97-PRO GAMER,LGA1150,LGA1150 Z97 CF/SLI HDMI U3S3 M.2 Intel LAN PCIe 3.0,"4,990",3,10,2015-05-26
,176449,MainBoard,,ASUS,ASUS Z97-K,LGA1150,LGA1150 Z97 CF HDMI U3S3 PCIe 3.0,"3,890",3,10,2015-05-26
,121350,MainBoard,,ASUS,ASUS H97-PRO GAMER,LGA1150,LGA1150 H97 CF HDMI U3S3 M.2 Intel LAN PCIe 3.0,"3,690",3,10,2015-05-26
,177081,MainBoard,,ASUS,ASUS H97M-PLUS,LGA1150,LGA1150 H97 CF HDMI U3S3 PCIe 3.0 mATX,"3,450",3,10,2015-05-26
,148571,MainBoard,,ASUS,ASUS H97-PLUS,LGA1150,LGA1150 H97 CF HDMI U3S3 PCIe 3.0,"3,390",3,10,2015-05-26
,167578,MainBoard,,ASUS,ASUS H97M-E,LGA1150,LGA1150 H97 HDMI U3S3 PCIe 3.0 mATX,"2,850",3,10,2015-05-26
,136025,MainBoard,,ASUS,ASUS M5A97 LE R2.0,AM3+,AM3+ 970/SB950 CF U3S3,"2,750",3,10,2015-05-26
,174945,MainBoard,,ASUS,ASUS AM1M-A,AM1,AM1 2*DDR3 HDMI U3S3 mATX,"1,390",3,10,2015-05-26
,174977,MainBoard,,GIGABYTE,GIGABYTE X99 SOC FORCE,LGA2011,LGA2011-3 X99 8D.DDR4 4W.CF/SLI U3S3 PCIe 3.0 OC Buttons,"12,590",3,10,2015-05-26
,137379,MainBoard,,GIGABYTE,GIGABYTE X99-UD5 WIFI,LGA2011,LGA2011-3 X99 8D.DDR4 4W.CF/SLI U3S3 PCIe 3.0 Dual LAN WIFI.AC/BT,Call,3,10,2015-05-26
,193838,MainBoard,,GIGABYTE,GIGABYTE X99-Gaming 5,LGA2011,LGA2011-3 X99 8D.DDR4 4W.CF/SLI Killer E2200 Sound Core 3D U3S3 PCIe 3.0,"9,590",3,10,2015-05-26
,144439,MainBoard,,GIGABYTE,GIGABYTE X99-UD4,LGA2011,LGA2011-3 X99 8D.DDR4 4W.CF/SLI U3S3 PCIe 3.0,"8,890",3,10,2015-05-26
,190008,MainBoard,,GIGABYTE,GIGABYTE Z97X-UD7 TH,LGA1150,LGA1150 Z97 3W.CF/SLI HDMI/2*Thunderbolt U3S3 PCIe 3.0,Call,3,10,2015-05-26
,133564,MainBoard,,GIGABYTE,GIGABYTE Z97X SOC,LGA1150,LGA1150 Z97 4W.CF/SLI DP/HDMI U3S3 PCIe 3.0,"6,790",3,10,2015-05-26
,169966,MainBoard,,GIGABYTE,GIGABYTE Z97X-UD5H-BK,LGA1150,LGA1150 Z97 3W.CF/SLI HDMI Killer E2200 U3S3 Dual LAN,Call,3,10,2015-05-26
,153798,MainBoard,,GIGABYTE,G1 Sniper Z97,LGA1150,LGA1150 Z97 CF/SLI DP/HDMI Killer E2200 SoundCore3D U3S3,"5,250",3,10,2015-05-26
,185053,MainBoard,,GIGABYTE,GIGABYTE Z97X Gaming 3,LGA1150,LGA1150 Z97 3W.CF/SLI HDMI Killer E2200 U3S3 PCIe 3.0,"4,750",3,10,2015-05-26
,185154,MainBoard,,GIGABYTE,GIGABYTE Z97N-Gaming 5,LGA1150,LGA1150 Z97 2*DDR3 DP/HDMI Killer E2201 U3S3 PCIe 3.0 WIFI.AC/BT iTX,"4,350",3,10,2015-05-26
,165995,MainBoard,,GIGABYTE,GIGABYTE Z97-D3H,LGA1150,LGA1150 Z97 CF HDMI U3S3 PCIe 3.0,"4,250",3,10,2015-05-26
,115644,MainBoard,,GIGABYTE,GIGABYTE Z97-HD3,LGA1150,LGA1150 Z97 CF HDMI U3S3 PCIe 3.0,"3,790",3,10,2015-05-26
,109015,MainBoard,,GIGABYTE,GIGABYTE H97-Gaming 3,LGA1150,LGA1150 H97 CF DP/HDMI Killer E2201 U3S3 PCIe 3.0,"3,690",3,10,2015-05-26
,133691,MainBoard,,GIGABYTE,GIGABYTE H97N-WIFI,LGA1150,LGA1150 H97 2*DDR3 2*HDMI D.LAN U3S3 PCIe 3.0 WIFI.AC/BT iTX,"3,650",3,10,2015-05-26
,133999,MainBoard,,GIGABYTE,GIGABYTE H97-D3H,LGA1150,LGA1150 H97 CF HDMI U3S3 PCIe 3.0,"3,350",3,10,2015-05-26
,119742,MainBoard,,GIGABYTE,GIGABYTE H97M-HD3,LGA1150,LGA1150 H97 2*DDR3 HDMI U3S3 PCIe 3.0 mATX,"2,750",3,10,2015-05-26
,177765,MainBoard,,GIGABYTE,GIGABYTE H81M-S2PV,LGA1150,LGA1150 H81 2*DDR3 U3S3 mATX,"1,890",3,10,2015-05-26
,176376,MainBoard,,GIGABYTE,GIGABYTE H81M-DS2,LGA1150,LGA1150 H81 2*DDR3 U3S3 mATX,"1,790",3,10,2015-05-26
,153116,MainBoard,,GIGABYTE,GIGABYTE C1037UN,LGA1150,Celeron 1037U(1.8 GHz) (2C/2T) 17W 2*DDR3 HDMI D.LAN 1*SATA3 Support for Windows XP iTX,"3,190",3,10,2015-05-26
,114386,MainBoard,,GIGABYTE,GIGABYTE 990FXA-UD3,AM3+,AM3+ 990FX/SB950 CF/SLI USB3 SATA3 1394,"3,750",3,10,2015-05-26
,128594,MainBoard,,GIGABYTE,GIGABYTE 970A-D3P,AM3+,AM3+ 970/SB950 CF 6*SATA3 2*USB3,"2,790",3,10,2015-05-26
,195930,MainBoard,,GIGABYTE,GIGABYTE F2A88XN-WIFI,FM2+,FM2+ A88X 2*DDR3 2*HDMI U3S3 WIFI.AC/BT iTX,"3,590",3,10,2015-05-26
,133460,MainBoard,,GIGABYTE,GIGABYTE F2A88XM-HD3,FM2+,FM2+ A88X 2*DDR3 CF HDMI U3S3 mATX,"2,090",3,10,2015-05-26
,139100,MainBoard,,ASROCK,AsRock X99 WS,LGA2011,LGA2011-3 X99 8D.DDR4 4W.CF/SLI Dual LAN U3S3 Ultra M.2 PCIe 3.0 12 Phase,"11,900",3,10,2015-05-26
,108505,MainBoard,,ASROCK,AsRock Z97 Extreme6,LGA1150,LGA1150 Z97 CF/SLI HDMI/DP U3S3 Ultra M.2 Dual LAN,Call,3,10,2015-05-26
,155177,MainBoard,,ASROCK,AsRock Z97 Extreme4,LGA1150,LGA1150 Z97 CF/SLI HDMI/DP U3S3 PCIe 3.0,Call,3,10,2015-05-26
,193890,MainBoard,,ASROCK,AsRock H97 Pro4,LGA1150,LGA1150 H97 HDMI U3S3 PCIe 3.0 4 Phase,"2,890",3,10,2015-05-26
,140815,MainBoard,,ASROCK,AsRock H97M,LGA1150,LGA1150 H97 2*DDR3 CF HDMI U3S3 PCIe 3.0 4 Phase mATX,Call,3,10,2015-05-26
,104930,MainBoard,,ASROCK,AsRock H81M-HDS,LGA1150,LGA1150 H81 2*DDR3 HDMI U3S3 mATX,Call,3,10,2015-05-26
,180084,MainBoard,,ASROCK,AsRock Q2900M,LGA1150,Pentium J2900 (2.41 GHz) (4C/4T) 10W 2*DDR3 HDMI mATX,"3,290",3,10,2015-05-26
,101059,MainBoard,,ASROCK,AsRock 990FX Extreme3,AM3+,AM3+ 990FX/SB950 Q.CF/Q.SLI U3S3,Call,3,10,2015-05-26
,186543,MainBoard,,ASROCK,AsRock 970 Extreme 3 R2.0,AM3+,AM3+ 970/SB950 CF U3S3,"2,690",3,10,2015-05-26
,186573,MainBoard,,ASROCK,FM2A88X Extreme6+,FM2+,FM2+ A88X Q.CF U3S3 HDMI/DP 8+2 Phase,"3,590",3,10,2015-05-26
,135490,MainBoard,,ASROCK,AsRock FM2A88M-HD+,FM2+,FM2+ A88X 2*DDR3 HDMI U3S3 mATX,Call,3,10,2015-05-26
,107673,MainBoard,,MSI,MSI X99S GAMING 7,LGA2011,LGA2011-3 X99 8D.DDR4 CF/SLI Killer E2200 U3S3 Turbo M.2,Call,3,10,2015-05-26
,162567,MainBoard,,MSI,MSI X99S SLI Krait Edition,LGA2011,LGA2011-3 X99 8D.DDR4 CF/SLI U3S3 Turbo M.2 PCIe 3.0,"8,690",3,10,2015-05-26
,106793,MainBoard,,MSI,MSI Z97 GAMING 7,LGA1150,LGA1150 Z97 3W.CF/SLI DP/2*HDMI Killer E2205 U3S3 PCIe 3.0,"5,990",3,10,2015-05-26
,189637,MainBoard,,MSI,MSI Z97 GAMING 5,LGA1150,LGA1150 Z97 3W.CF/SLI HDMI Killer E2205 U3S3 PCIe 3.0,"5,050",3,10,2015-05-26
,169292,MainBoard,,MSI,MSI Z97-G55 SLI,LGA1150,LGA1150 Z97 3W.CF/SLI HDMI U3S3 PCIe 3.0,"4,890",3,10,2015-05-26
,155486,MainBoard,,MSI,MSI Z97S SLI Krait Edition,LGA1150,LGA1150 Z97 CF/SLI HDMI U3S3 PCIe 3.0,"4,390",3,10,2015-05-26
,159682,MainBoard,,MSI,MSI Z97 GUARD PRO,LGA1150,LGA1150 Z97 CF DP U3S3 PCIe 3.0 6 PCI-E,"3,690",3,10,2015-05-26
,162868,MainBoard,,MSI,MSI H97 GAMING 3,LGA1150,LGA1150 H97 CF DP/HDMI Killer E2205 U3S3 PCIe 3.0,"3,490",3,10,2015-05-26
,120701,MainBoard,,MSI,MSI H97M-G43,LGA1150,LGA1150 H97 DP/HDMI U3S3 PCIe3.0 mATX,"2,890",3,10,2015-05-26
,144205,MainBoard,,MSI,MSI Z87-G45 Gaming,LGA1150,LGA1150 Z87 CF/SLI HDMI Killer E2205 U3S3 PCIe 3.0,"3,990",3,10,2015-05-26
,101314,MainBoard,,MSI,MSI H81M-ECO,LGA1150,LGA1150 H81 2*DDR3 DVI/HDMI U3S3 mATX,"2,050",3,10,2015-05-26
,190358,MainBoard,,MSI,MSI H81M-E34,LGA1150,LGA1150 H81 2*DDR3 DVI/HDMI U3S3 mATX,"1,800",3,10,2015-05-26
,134538,MainBoard,,MSI,MSI 970 GAMING,AM3+,AM3+ 970/SB950 CF/SLI Killer E2205 U3S3,"3,400",3,10,2015-05-26
,118417,MainBoard,,MSI,MSI A88XM-E35,FM2+,FM2+ A88X 2*DDR3 DVI/HDMI U3S3 mATX,"2,090",3,10,2015-05-26
,187541,MainBoard,,MSI,MSI AM1I,AM1,AM1 2*DDR3 HDMI U3S3 iTX,"1,190",3,10,2015-05-26
,124498,UPS,,APC,660W,,"BX1100CI-MS, ## NEW Model##   Back-UPS 1100VA 660 Watts  with AVR, Universal + IEC320-C13 Outlets, ASEAN, 230V","6,400.00",3,10,2015-05-26
,112833,UPS,,APC,480W,,BX800CI-MS,"5,350.00",3,10,2015-05-26
,195888,UPS,,APC,330W,,BR500CI-AS,"2,350.00",3,10,2015-05-26
,117472,UPS,,APC,"RACK 2U, 980W",,"SUA1500RMI2U, APC Smart-UPS 1500VA /980 Watt USB & Serial RM 2U, 230V","27,713.00",3,10,2015-05-26
,102000,UPS,,APC,RBC33,,Replacement Battery Cartridge #32  (for BR1500I),"3,350.00",3,10,2015-05-26
,181975,HDD,,Seagate,"Seagate Momentus,",, 500GB|ST500LT012|5400rpm,"2,200.00",3,10,2015-05-26
,110463,HDD,,WD,"WD Scorpio,",, 750GB|7200rpm|SATA6G,"2,750.00",3,10,2015-05-26
,170297,HDD,,Seagate,Seagate ST1000DM003,SATA III,1 TB SATA III 64MB 7200rpm 3-Y,Call,3,10,2015-05-26
,103434,HDD,,Seagate,Seagate ST2000DM001,SATA III,2 TB SATA III 64MB 7200rpm 3-Y,"2,790",3,10,2015-05-26
,135303,HDD,,Seagate,Seagate ST3000DM001,SATA III,3 TB SATA III 64MB 7200rpm 3-Y,"3,690",3,10,2015-05-26
,115635,HDD,,Seagate,Seagate ST4000DM000,SATA III,4 TB SATA III 64MB 5900rpm 3-Y,"5,450",3,10,2015-05-26
,122285,HDD,,Seagate,Seagate ST1000VX000,SATA III,1 TB SATA III 64MB 7200rpm 3-Y SV35,"2,290",3,10,2015-05-26
,115360,HDD,,Seagate,Seagate ST2000VX000,SATA III,2 TB SATA III 64MB 7200rpm 3-Y SV35,Call,3,10,2015-05-26
,198022,HDD,,Seagate,Seagate ST1000DX001,SATA III,1 TB SATA III 64MB 7200rpm 3-Y DESKTOP SSHD 8 GB,"2,790",3,10,2015-05-26
,185480,HDD,,Seagate,Seagate ST2000DX001,SATA III,2 TB SATA III 64MB 7200rpm 3-Y DESKTOP SSHD 8 GB,"4,050",3,10,2015-05-26
,118060,HDD,,Seagate,Seagate ES.3,SATA III,1 TB SATA III 128MB 7200rpm 5-Y ES.3,"3,990",3,10,2015-05-26
,128660,HDD,,WD,WD 10 EZEX,SATA III,1 TB SATA III 64MB BLUE 3-Y,"1,890",3,10,2015-05-26
,136192,HDD,,WD,WD 1003 FZEX,SATA III,1 TB SATA III 64MB BLACK 5-Y,"2,650",3,10,2015-05-26
,175737,HDD,,WD,WD 1003 FBYZ,SATA III,1 TB SATA II 64MB RE4 Enterprise 5-Y,"3,890",3,10,2015-05-26
,197453,HDD,,WD,WD 20 EZRX,SATA III,2 TB SATA III 64MB GREEN 3-Y,"2,890",3,10,2015-05-26
,191114,HDD,,WD,WD 20 PURX,SATA III,2 TB SATA III 64MB PURPLE 3-Y Surveillance,"3,190",3,10,2015-05-26
,185353,HDD,,WD,WD 20 EFRX,SATA III,2 TB SATA III 64MB RED 3-Y NAS,"3,390",3,10,2015-05-26
,185112,HDD,,WD,WD 2003 FZEX,SATA III,2 TB SATA III 64MB BLACK 5-Y,"4,890",3,10,2015-05-26
,103369,HDD,,WD,WD 2000 FYYZ,SATA III,2 TB SATA III 64MB RE4 Enterprise 5-Y,"6,590",3,10,2015-05-26
,138128,HDD,,WD,WD 30 EZRX,SATA III,3 TB SATA III 64MB GREEN 3-Y,"3,750",3,10,2015-05-26
,196411,HDD,,WD,WD 30 PURX,SATA III,3 TB SATA III 64MB PURPLE 3-Y Surveillance,"4,190",3,10,2015-05-26
,142531,HDD,,WD,WD 30 EFRX,SATA III,3 TB SATA III 64MB RED 3-Y NAS,"4,490",3,10,2015-05-26
,136787,HDD,,WD,WD 3003FZEX,SATA III,3 TB SATA III 64MB BLACK 5-Y,"6,290",3,10,2015-05-26
,113424,HDD,,WD,WD 40 EFRX,SATA III,4 TB SATA III 64MB RED 3-Y NAS,"6,290",3,10,2015-05-26
,142148,HDD,,WD,WD 4003FZEX,SATA III,4 TB SATA III 64MB BLACK 5-Y,"8,290",3,10,2015-05-26
,101929,HDD,,WD,WD 60 EZRX,SATA III,6 TB SATA III 64MB GREEN 3-Y,Call,3,10,2015-05-26
,164828,HDD,,WD,WD 60 EFRX,SATA III,6 TB SATA III 64MB RED 3-Y NAS,"9,900",3,10,2015-05-26
,195579,SSD,,KINGSTON,KINGSTON HYPER-X 3K,SATA III,480GB SATA III Read 550MB/Write 450MB,"9,990",3,10,2015-05-26
,142895,SSD,,KINGSTON,KINGSTON HYPER-X 3K,SATA III,240GB SATA III Read 555MB/Write 510MB,"4,690",3,10,2015-05-26
,162198,SSD,,KINGSTON,KINGSTON HYPER-X 3K,SATA III,120GB SATA III Read 555MB/Write 510MB,"2,490",3,10,2015-05-26
,162532,SSD,,KINGSTON,KINGSTON HYPER-X FURY,SATA III,240GB SATA III Read 500MB/Write 500MB,"3,890",3,10,2015-05-26
,161549,SSD,,KINGSTON,KINGSTON HYPER-X FURY,SATA III,120GB SATA III Read 500MB/Write 500MB,"2,290",3,10,2015-05-26
,161996,SSD,,KINGSTON,KINGSTON V300,SATA III,240GB SATA III Read 450MB/Write 450MB 7mm.,"3,590",3,10,2015-05-26
,113495,SSD,,KINGSTON,KINGSTON V300,SATA III,120GB SATA III Read 450MB/Write 450MB 7mm.,"1,990",3,10,2015-05-26
,131814,SSD,,KINGSTON,KINGSTON V300,SATA III,60GB SATA III Read 450MB/Write 450MB 7mm.,"1,490",3,10,2015-05-26
,188435,SSD,,OCZ,OCZ Vector 180,SATA III,480GB SATA III Read 550MB/Write 530MB 5Y 7mm.,"10,290",3,10,2015-05-26
,172310,SSD,,OCZ,OCZ Vector 180,SATA III,240GB SATA III Read 550MB/Write 530MB 5Y 7mm.,"5,490",3,10,2015-05-26
,172677,SSD,,OCZ,OCZ Vector 180,SATA III,120GB SATA III Read 550MB/Write 450MB 5Y 7mm.,"3,390",3,10,2015-05-26
,191559,SSD,,OCZ,OCZ Vertex 460A,SATA III,480GB SATA III Read 545MB/Write 525MB 7mm.,"8,990",3,10,2015-05-26
,113593,SSD,,OCZ,OCZ Vertex 460A,SATA III,240GB SATA III Read 540MB/Write 525MB 7mm.,"4,690",3,10,2015-05-26
,132261,SSD,,OCZ,OCZ Vertex 460A,SATA III,120GB SATA III Read 530MB/Write 420MB 7mm.,"2,890",3,10,2015-05-26
,148190,SSD,,OCZ,OCZ ARC 100,SATA III,480GB SATA III Read 480MB/Write 430MB 7mm.,"7,290",3,10,2015-05-26
,163795,SSD,,OCZ,OCZ ARC 100,SATA III,240GB SATA III Read 480MB/Write 430MB 7mm.,"3,490",3,10,2015-05-26
,133951,SSD,,OCZ,OCZ ARC 100,SATA III,120GB SATA III Read 475MB/Write 395MB 7mm.,"2,290",3,10,2015-05-26
,129008,SSD,,PLEXTOR,PLEXTOR M6E 2280,SATA III,256GB M.2 Read 770MB/Write 580MB 5Y,"8,690",3,10,2015-05-26
,137858,SSD,,PLEXTOR,PLEXTOR M6E 2280,SATA III,128GB M.2 Read 770MB/Write 335MB 5Y,"4,690",3,10,2015-05-26
,195098,SSD,,PLEXTOR,PLEXTOR M6 PRO,SATA III,128GB SATA III Read 545MB/Write 330MB 5Y 7mm.,Call,3,10,2015-05-26
,133441,SSD,,PLEXTOR,PLEXTOR M6S,SATA III,256GB SATA III Read 520MB/Write 420MB 5Y 7mm.,"5,390",3,10,2015-05-26
,154682,SSD,,PLEXTOR,PLEXTOR M6S,SATA III,128GB SATA III Read 520MB/Write 300MB 5Y 7mm.,"2,950",3,10,2015-05-26
,193224,SSD,,AMD,AMD RADEON R7,SATA III,480GB SATA III Read 550MB/Write 530MB 4Y 7mm.,"9,490",3,10,2015-05-26
,135695,SSD,,AMD,AMD RADEON R7,SATA III,240GB SATA III Read 550MB/Write 530MB 4Y 7mm.,"4,990",3,10,2015-05-26
,140052,SSD,,AMD,AMD RADEON R7,SATA III,120GB SATA III Read 550MB/Write 470MB 4Y 7mm.,"2,950",3,10,2015-05-26
,114168,SSD,,SAMSUNG,SAMSUNG 850 PRO,SATA III,512GB SATA III Read 550MB/Write 520MB 10Y 7mm.,"13,500",3,10,2015-05-26
,107898,SSD,,SAMSUNG,SAMSUNG 850 PRO,SATA III,256GB SATA III Read 550MB/Write 520MB 10Y 7mm.,"7,590",3,10,2015-05-26
,165370,SSD,,SAMSUNG,SAMSUNG 850 PRO,SATA III,128GB SATA III Read 550MB/Write 470MB 10Y 7mm.,"4,290",3,10,2015-05-26
,135564,SSD,,Intel,INTEL SSD 730,SATA III,480GB SATA III Read 550MB/Write 470MB 5Y 7mm.,"8,790",3,10,2015-05-26
,180522,SSD,,Intel,INTEL SSD 730,SATA III,240GB SATA III Read 550MB/Write 270MB 5Y 7mm.,"4,690",3,10,2015-05-26
,176581,SSD,,Intel,INTEL SSD 530,SATA III,120GB SATA III Read 540MB/Write 480MB 5Y 7mm.,"2,490",3,10,2015-05-26
,185017,SSD,,Intel,INTEL SSD 530,SATA III," 240GB, SSDSC2BW240A4K5, Read 540MBps, Write 490MBps, 140mW/55mW","5,350",3,10,2015-05-26
,131643,SSD,,Intel,INTEL SSD 530,SATA III,"480GB, SSDSC2BW480A401, ",13200,3,10,2015-05-26
,178002,SSD,,SANDISK,SANDISK ULTRA PLUS,SATA III,128GB SATA III Read 530MB/Write 290MB 7mm.,call,3,10,2015-05-26
,107930,SSD,,KINGSTON,KINGMAX SME35,SATA III,240GB SATA III Read 540MB/Write 300MB 7mm.,"3,490",3,10,2015-05-26
,151682,SSD,,TOSHIBA,TOSHIBA Q Series Pro,SATA III,512GB SATA III Read 554MB/Write 512MB 7mm.,"11,290",3,10,2015-05-26
,102280,SSD,,TOSHIBA,TOSHIBA Q Series Pro,SATA III,256GB SATA III Read 554MB/Write 512MB 7mm.,"5,490",3,10,2015-05-26
,176332,SSD,,Samsung,Samsung SSD PM853T,SATA III,"Samsung SSD PM853T, 480GB","14,800.00",3,10,2015-05-26
,159753,SSD,,Micron SSD,"M600/ MTFDDAK256MBF-1AN12ABYY,",SATA III,"256GB, 4.4W, Read 560MBps, Write 510MBps  Controller: Marvell 88SS9189, NAND: Micron 128Gbit 16nm MLC","6,680.00",3,10,2015-05-26
,172991,SSD,,Micron SSD, M600/ MTFDDAK512MBF-1AN12ABYY,SATA III,"512GB, 4.7W, Read 560MBps, Write 510MBps","13,200.00",3,10,2015-05-26
,143226,SSD,,Micron SSD,  M600/ MTFDDK1T0MBF-1AN12ABYY,SATA III,"1TB, 5.2W, Read 560MBps, Write 510MBps","24,600.00",3,10,2015-05-26
,134827,Case,,Cooler Master ,N300,ATX,,1500,3,10,2015-05-26
,101826,Case,,Cooler Master ,RC-335,ATX,,"1,300.00",3,10,2015-05-26
,147595,Case,,Cooler Master ,RC-361,ATX,,"1,350.00",3,10,2015-05-26
,117266,Case,,Supermicro,CS-732i-500B with 500W supermicro,"E-ATX 12""x13""",,"7,850.00",3,10,2015-05-26
,185567,Case,,Supermicro,logo new CS-732i-500B no-PSU,"E-ATX 12""x13""",,"6,350.00",3,10,2015-05-26
,182850,Case,,Supermicro,logo new CS-732G no PSU,"E-ATX 12""x13""",,"9,800.00",3,10,2015-05-26
,139116,Case,,Supermicro,"CSE734QT-1200B, Black Color","E-ATX 12""x13""",,"30,000.00",3,10,2015-05-26
,176634,Case,,Enermax,"Enermax, EAC-335 series, 3x5.25"", ATX MB",ATX, ,"1,350.00",3,10,2015-05-26
,185566,Case,,Enermax,"Enermax, EAC-336 series, 2x5.25"", ATX MB",ATX, ,"1,250.00",3,10,2015-05-26
,141369,Case,,Coolermaster,N200,micro ATX, ,1500,3,10,2015-05-26
,131400,Case,,Chenbro,"SR301, with 4x3.5"" Hot-swap, mini-ITX",mini-ITX,,"5,450.00",3,10,2015-05-26
,174665,Case,,Coolermaster,"RC-120A-KKN1, Elite 120",mini-ITX, ,"1,400.00",0,10,2015-05-26
,187488,Case,,Neolution,"2010, Free 12V adapter",mini-ITX, ,"1,450.00",3,10,2015-05-26
,196002,Case,,TYAN,"TYAN KGT24M1-045SV4HRF3| 4x3.5"" Hot-swap|450W(1+1) redundant",,,"25,300.00",3,10,2015-05-26
,125751,Case,,TANGO,"TANGO, TGC-1A250, 1U, 350mm",,,"4,000.00",0,10,2015-05-26
,169446,Case,,TANGO,"TANGO, TGC-1304, 1U, 4-SAS/SATA hot Swap",,,"7,800.00",0,10,2015-05-26
